DROP,Participant,Age,Gender,Year,Anchortype,magnitude,Condition,pen,Proteindrink,lebron,slidy,Cheese,Figurine,TV,beachhouse,number,Notes,PenD,ProteindrinkD,SlidyD,CheeseD,FigurineD,TVD,LebronD,beachhouseD,NumberD,ZPenD,ZProteindrinkD,ZSlidyD,ZCheeseD,ZFigurineD,ZTVD,ZLebronD,ZbeachhouseD,ZNumberD,SUM2,mean,ZSco01,ZSco02,ZSco03,ZSco04,ZSco05,ZSco06,ZSco07,ZSco08,ZSco09,mean2
0,5,19,f,soph,0,0,4,3.8,9.94,.497,30,4.5,30,3800,775000,9928, ,.2,.0600000000000005,10,.5,20,1200,.003,25000,72,.0801563701868303,.00975926442204485,.00886311643119601,-1.11741444026339,.11150847277244,-.194012450741655,-.777947158823746,-.516142566158502,-.122293722622058,-.251752311479684,-.279724790532982,.0823961448348576,.0232492865037183,.0161639335984741,-1.14409668413686,.13360627562564,-.15737178531,-.772776245924598,-.510616963924111,-.10832865777048,-.27086385516704
0,7,21,m,jr,0,0,4,3.8,9,.49,30,3,20,4000,750000,9800, ,.2,1,10,2,30,1000,.01,50000,200,.0801563701868303,.104078911761661,.00886311643119601,-.00400591427340273,.650754973226382,-.350361776021262,-.676951326658174,-.270408914479329,-.112553755123386,-.0570428314949486,-.0633809238832762,.0823961448348576,.115607783338352,.0161639335984741,-.0195545384226958,.665284374616747,-.317231723956728,-.672111811429453,-.270015495387947,-.0987913397791664,-.0553614080652843
0,19,18,m,frosh,0,0,4,3.8,9.6,.497,38,4.79,40,4800,795000,9500, ,.2,.4,2,.21,10,200,.003,5000,500,.0801563701868303,.0438748815448846,-.76868443471292,-1.33267342195479,-.427738027681502,-.975759077139692,-.777947158823746,-.712729487501839,-.0897257062983741,-.496122606238115,-.551247340264572,.0823961448348576,.0566555513162455,-.76992402255833,-1.3615081656416,-.398071823365468,-.956671478543641,-.772776245924598,-.703098138753043,-.0764382507370245,-.544381825485844
0,25,19,f,frosh,0,0,4,3.8,9.9,.48,35,4.5,25,4750,780000,9900, ,.2,.0999999999999996,5,.5,25,250,.02,20000,100,.0801563701868303,.0137728664364965,-.477104103033877,-1.11741444026339,.381131722999411,-.93667174581979,-.532671566421643,-.565289296494336,-.120163104731724,-.327425329714203,-.363805921904669,.0823961448348576,.027179435305192,-.475141038999528,-1.14409668413686,.399445325121194,-.916706493881959,-.528305476436387,-.558737257631344,-.10624236945988,-.357800935031635
0,27,21,f,jr,0,0,4,.5,5,.4,20,4,20,4900,700,9000, ,3.5,5,20,1,30,100,.1,799300,1000,.152305468870657,.505439113206834,.980797555361341,-.746278264933397,.650754973226382,-1.0539337397795,.621566515470602,7.09472009364882,-.0516789582566871,.815369275681506,.90596586186834,.153000233044045,.50862266348573,.998773878794479,-.769249302232137,.665284374616747,-1.036601447867,.622145203508134,6.94129171957799,-.0391831023334546,.893787135621614
0,33,21,f,jr,0,0,4,3.7,9,.43,36,3,50,4100,750000,9998, ,.3,1,4,2,0,900,.07,50000,2,.0823427065105827,.104078911761661,-.574297546926891,-.00400591427340273,-.966984528135444,-.428536438661066,.18872723476101,-.270408914479329,-.127620267347894,-.199670475679077,-.221856084087864,.0845356626593785,.115607783338352,-.573402033519129,-.0195545384226958,-.929749922356576,-.397161693280092,.190726198528938,-.270015495387947,-.11354437854698,-.212506490776306
0,38,20,m,soph,0,0,4,3,8,.482,35,.8,15,4999,780000,9782, ,1,2,5,4.2,35,1,.018,20000,218,.0976470607768489,.204418962122954,-.477104103033877,1.62899325717858,.920378223453353,-1.1313266557929,-.561527518468949,-.565289296494336,-.111184072193886,.000500585754779157,.000556206394199063,.0995122874310244,.213861503375197,-.475141038999528,1.62977394195807,.931123424112301,-1.11573211749714,-.557066743435001,-.558737257631344,-.0974501544366379,.00779376054188333
0,43,22,f,sr,0,0,4,3.7,9.9,.49,40,4.5,40,4950,700000,9999, ,.3,.0999999999999996,0,.5,10,50,.01,100000,1,.0823427065105827,.0137728664364965,-.963071322498949,-1.11741444026339,-.427738027681502,-1.0930210710994,-.676951326658174,.221058388879015,-.127696360843978,-.40887185872193,-.454302065246589,.0845356626593785,.027179435305192,-.966446011597531,-1.14409668413686,-.398071823365468,-1.07656643252869,-.672111811429453,.211187441684383,-.113618888843787,-.449778790250314
0,47,19,m,soph,0,0,4,3.7,9.6, ,38,4.6,45,4200,798000,9941, ,.3,.4,2,.4,5,800, ,2000,59,.0823427065105827,.0438748815448846,-.76868443471292,-1.19164167532939,-.697361277908473,-.50671110130087, ,-.74221752570334,-.123282938071142, ,-.487960170621334,.0845356626593785,.0566555513162455,-.76992402255833,-1.2190661605178,-.663910872861022,-.477091662603456, ,-.731970314977383,-.109297291628973,-.478758638896418
0,50,22,m,sr,0,0,4,3.5,9.5,.409,35,3,35,4200,725000,9800,1 headphone in ear,.5,.5,5,2,15,800,.091,75000,200,.0867153791580873,.0539088865810139,-.477104103033877,-.00400591427340273,-.158114777454531,-.50671110130087,.491714731257725,-.0246752628001573,-.112553755123386,-.0650825916989397,-.0723139907765997,.0888146983084202,.0664809233199299,-.475141038999528,-.0195545384226958,-.132232773869914,-.477091662603456,.492719502014375,-.0294140268517817,-.0987913397791664,-.0649122507648686
0,54,19,f,soph,0,0,4,3.6,9.9,.47,15,.75,20,550,689999,12,headphones in ears,.4,.0999999999999996,25,4.25,30,4450,.03,110001,9988,.084529042834335,.0137728664364965,1.46676477482641,1.66610687471158,.650754973226382,2.34666408505196,-.388391806185112,.319361678896751,.632249384540679,.67918118743395,.754645763815499,.0866751804838993,.027179435305192,1.49007885139248,1.66725868014855,.665284374616747,2.44035221769933,-.384499141443322,.307437653157591,.630515445369117,.770031410747732
0,58,21,m,jr,0,0,4,3.8,9.5,.485,37,3.5,35,4000,780000,9850, ,.2,.5,3,1.5,15,1000,.015,20000,150,.0801563701868303,.0539088865810139,-.671490990819906,-.3751420896034,-.158114777454531,-.350361776021262,-.604811446539909,-.565289296494336,-.116358429927555,-.270750355009305,-.300833727788117,.0823961448348576,.0664809233199299,-.671663028038729,-.394401920327416,-.132232773869914,-.317231723956728,-.60020864393292,-.558737257631344,-.102516854619523,-.29201279269131
0,62,20,m,soph,0,0,4,3.5,9.8,.485,30,2,35,4800,650000,9600, ,.5,.199999999999999,10,3,15,200,.015,150000,400,.0867153791580873,.0238068714726258,.00886311643119601,.738266436386591,-.158114777454531,-.975759077139692,-.604811446539909,.712525692237359,-.0973350559067115,-.0265842861354983,-.0295380957061093,.0888146983084202,.0370048073088765,.0161639335984741,.730140225386745,-.132232773869914,-.956671478543641,-.60020864393292,.692390378756713,-.0838892804177385,-.0231653481561094
0,65,20,f,soph,0,0,4,3,8.5,.53,32,4,30,4100,780000,9996,1 headphone in ear,1,1.5,8,1,20,900,-.03,20000,4,.0976470607768489,.154248936942307,-.185523771354833,-.746278264933397,.11150847277244,-.428536438661066,-1.2540703676043,-.565289296494336,-.127468080355728,-.294376174891206,-.327084638768007,.0995122874310244,.164734643356774,-.180358055440727,-.769249302232137,.13360627562564,-.397161693280092,-1.24733715140171,-.558737257631344,-.113395357953366,-.318709512391771
0,73,19,m,frosh,0,0,4,3.6,7,.48,38,3,15,4000,750000,98512, ,.4,3,2,2,35,1000,.02,50000,-88512,.084529042834335,.304759012484247,-.76868443471292,-.00400591427340273,.920378223453353,-.350361776021262,-.532671566421643,-.270408914479329,-6.86295997967166,-.747942630680829,-.831047367423143,.0866751804838993,.312115223412041,-.76992402255833,-.0195545384226958,.931123424112301,-.317231723956728,-.528305476436387,-.270015495387947,-6.70874879013415,-.809318468765333
0,77,19,f,soph,0,0,4,3.9,9.8,.498,38,4.8,49.5,4999,799999,9998,talked about survey when done and other still taking,.1,.199999999999999,2,.2,.5,1,.002,1,2,.077970033863078,.0238068714726258,-.76868443471292,-1.34009614546139,-.940022203112747,-1.1313266557929,-.792375134847399,-.761866388491607,-.127620267347894,-.576021432443116,-.640023813825684,.0802566270103368,.0370048073088765,-.76992402255833,-1.36900511327969,-.90316601740702,-1.11573211749714,-.787156879423905,-.751208808401535,-.11354437854698,-.63249732253282
0,85,19,f,frosh,0,0,4,3,8,.46,35,2,40,4500,705000,8500, ,1,2,5,3,10,500,.04,95000,1500,.0976470607768489,.204418962122954,-.477104103033877,.738266436386591,-.427738027681502,-.741235089220281,-.244112045948582,.17191165854318,-.0136322102150001,-.0691577358269667,-.0768419286966296,.0995122874310244,.213861503375197,-.475141038999528,.730140225386745,-.398071823365468,-.716881570573549,-.240692806450258,.16306714797715,-.00192795392988476,-.0695704476831746
0,89,19,f,frosh,0,0,4,3.8,9,.49,38,3,40,3500,750000,9800, ,.2,1,2,2,10,1500,.01,50000,200,.0801563701868303,.104078911761661,-.76868443471292,-.00400591427340273,-.427738027681502,.0405115371777561,-.676951326658174,-.270408914479329,-.112553755123386,-.203559555380247,-.22617728375583,.0823961448348576,.115607783338352,-.76992402255833,-.0195545384226958,-.398071823365468,.0824181226600921,-.672111811429453,-.270015495387947,-.0987913397791664,-.21644966445664
0,93,19,f,soph,0,0,4,4.5,9.5, ,36,1,10,4000,500000,8979,chatted w/ friends,-.5,.5,4,4,40,1000, ,300000,1021,.0648520159205641,.0539088865810139,-.574297546926891,1.48053878704658,1.19000147368032,-.350361776021262, ,2.18692760231239,-.0500809948389363, ,.500186055969224,.0674195200632118,.0664809233199299,-.573402033519129,1.47983498919619,1.19696247360786,-.317231723956728, ,2.1359991899737,-.0376183861005047,.502305619073065
0,97,20,m,soph,0,0,4,3.55,5,.47,37,2.5,30,3575,730000,8963, ,.45,5,3,2.5,20,1425,.03,70000,1037,.0856222109962112,.505439113206834,-.671490990819906,.367130261056594,.11150847277244,-.0181194598020967,-.388391806185112,-.0738219931359917,-.0488634989016023,-.0130987690812629,-.0145541878680699,.0877449393961597,.50862266348573,-.671663028038729,.355292843482025,.13360627562564,.0224706456675691,-.384499141443322,-.0775343205590147,-.0364262213515905,-.00693170485950371
0,101,18,m,frosh,0,0,4,3.5,8.7,.479,30,.85,30,4689,780000,9876,"chatted w/ friends and asked me ""do I get $ for this?""",.5,1.3,10,4.15,20,311,.021,20000,124,.0867153791580873,.134180926870049,.00886311643119601,1.59187963964558,.11150847277244,-.88898520160951,-.51824359039799,-.565289296494336,-.118336860825723,-.0157707414450202,-.0175230460500225,.0888146983084202,.145083899349406,.0161639335984741,1.5922892037676,.13360627562564,-.867949212594707,-.513924842937081,-.558737257631344,-.104454122336509,-.00767860276112209
0,105,20,m,soph,0,0,4,3.9,9,.492,36,4.2,25,4500,785000,9896, ,.1,1,4,.8,25,500,.00800000000000001,15000,104,.077970033863078,.104078911761661,-.574297546926891,-.894732735065395,.381131722999411,-.741235089220281,-.70580727870548,-.614436026830171,-.11985873074739,-.308718673887146,-.343020748763495,.0802566270103368,.115607783338352,-.573402033519129,-.919188254994025,.399445325121194,-.716881570573549,-.700873078428066,-.606857551338577,-.105944328272652,-.336426342406235
0,109,20,f,jr,0,0,4,3.6,9.2,.485,38,4.95,30,4600,710000,9987,Got LeBron ave from friend (only discussed this answer),.4,.800000000000001,2,.0499999999999998,20,400,.015,90000,13,.084529042834335,.084010901689402,-.76868443471292,-1.45143699806039,.11150847277244,-.819409751860084,-.604811446539909,.122764928207346,-.126783238890977,-.336831252456076,-.374256947173418,.0866751804838993,.0959570393309833,-.76992402255833,-1.48145932785111,.13360627562564,-.796811539896913,-.60020864393292,.114946854269917,-.112724765282102,-.369993661090103
0,111,19,f,soph,0,0,4,3,9.5,.48,35,3,25,4500,780000,9999, ,1,.5,5,2,25,500,.02,20000,1,.0976470607768489,.0539088865810139,-.477104103033877,-.00400591427340273,.381131722999411,-.741235089220281,-.532671566421643,-.565289296494336,-.127696360843978,-.191531465993024,-.212812739992249,.0995122874310244,.0664809233199299,-.475141038999528,-.0195545384226958,.399445325121194,-.716881570573549,-.528305476436387,-.558737257631344,-.113618888843787,-.205200026115016
0,118,18,m,frosh,0,0,4, ,8,.48,39,4.5,40,4000,775000,9990, , ,2,1,.5,10,1000,.02,25000,10, ,.204418962122954,-.865877878605935,-1.11741444026339,-.427738027681502,-.350361776021262,-.532671566421643,-.516142566158502,-.127011519379227, ,-.466599851551064, ,.213861503375197,-.86818501707793,-1.14409668413686,-.398071823365468,-.317231723956728,-.528305476436387,-.510616963924111,-.112948296172523,-.458199310211851
0,119,21,m,jr,0,0,4,3,9,.45,38,4,45,4800,780000,9999, ,1,1,2,1,5,200,.05,20000,1,.0976470607768489,.104078911761661,-.76868443471292,-.746278264933397,-.697361277908473,-.975759077139692,-.0998322857120514,-.565289296494336,-.127696360843978,-.377917502520634,-.419908336134037,.0995122874310244,.115607783338352,-.76992402255833,-.769249302232137,-.663910872861022,-.956671478543641,-.0968864714571923,-.558737257631344,-.113618888843787,-.412653135928675
0,125,19,f,soph,0,0,4,3,9.5,.48,45,3,30,4750,700000,9950, ,1,.5,-5,2,20,250,.02,100000,50,.0976470607768489,.0539088865810139,-1.44903854196402,-.00400591427340273,.11150847277244,-.93667174581979,-.532671566421643,.221058388879015,-.123967779535892,-.256223273900543,-.284692526556159,.0995122874310244,.0664809233199299,-1.45775098419553,-.0195545384226958,.13360627562564,-.916706493881959,-.528305476436387,.211187441684383,-.109967884300237,-.280166494352871
0,127,18,m,f,0,0,4,3.9,8.5,.47,37,3,30,4500,760000,9776,wrote comments/questions about some questions,.1,1.5,3,2,20,500,.03,40000,224,.077970033863078,.154248936942307,-.671490990819906,-.00400591427340273,.11150847277244,-.741235089220281,-.388391806185112,-.368702375150998,-.110727511217385,-.194082624328926,-.215647360365473,.0802566270103368,.164734643356774,-.671663028038729,-.0195545384226958,.13360627562564,-.716881570573549,-.384499141443322,-.366256082802413,-.0970030926557951,-.208584434215973
0,128,22,f,sr,0,0,4,3.8,20,.49,28,3.75,50,4999,785000,9899, ,.2,-10,12,1.25,0,1,.01,15000,101,.0801563701868303,-.999661642212567,.203250004217225,-.560710177268398,-.966984528135444,-1.1313266557929,-.676951326658174,-.614436026830171,-.12008701123564,-.478675099372924,-.531861221525471,.0823961448348576,-.965183137066937,.212685922637675,-.581825611279777,-.929749922356576,-1.11573211749714,-.672111811429453,-.606857551338577,-.106167859163073,-.520282882517666
0,132,20,m,soph,0,0,4,3.5,7,.495,35,3,30,3500,780000,8900, ,.5,3,5,2,20,1500,.005,20000,1100,.0867153791580873,.304759012484247,-.477104103033877,-.00400591427340273,.11150847277244,.0405115371777561,-.74909120677644,-.565289296494336,-.0440696086483497,-.129606572763387,-.14400730307043,.0888146983084202,.312115223412041,-.475141038999528,-.0195545384226958,.13360627562564,.0824181226600921,-.744014978925985,-.558737257631344,-.0317320726527407,-.134691729625122
0,13,21,f,jr,1,0,2,3.95,9.6,.477,36,4.15,40,4850,798000,9987, ,.0379999999999998,.200000000000001,3.75,.699999999999999,9,148,.021,1800,2,.0766145053423516,.023806871472626,-.598595907900145,-.968959970131395,-.481662677726896,-1.01640990171239,-.51824359039799,-.744183394916773,-.127620267347894,-.435525433331851,-.483917148146501,.0789301259591339,.0370048073088766,-.597967282149029,-.99415773137497,-.451239633264579,-.99823506259179,-.513924842937081,-.733895126725672,-.11354437854698,-.476336569369121
0,17,19,m,frosh,1,0,2,3.95,9.7,.49,39,4.6,48,4900,799775,9906, ,.0379999999999998,.100000000000001,.75,.25,1,98,.00800000000000001,25,83,.0766145053423516,.0137728664364967,-.890176239579188,-1.30298252792839,-.91305987809005,-1.05549723303229,-.70580727870548,-.761630484185995,-.121456694165141,-.566022296390769,-.62891366265641,.0789301259591339,.0271794353051922,-.892750265707831,-1.33152037508922,-.876582112457465,-1.03820004725347,-.700873078428066,-.75097783099174,-.107509044505602,-.62136702146323
0,21,20,f,jr,1,0,2,3.995,9.755,.35,40,4.55,47.55,4955.55,799799.799,9986, ,-.00700000000000012,.0449999999999999,-.25,.3,1.45,42.4499999999998,.148,.201000000000931,3,.075630653996663,.00825416366662539,-.987369683472203,-1.26586891039539,-.888793785569622,-1.0989232581287,1.31410936460595,-.761874242139114,-.127544173851811,-.373237987128761,-.414708874587512,.0779673429380995,.0217754807031656,-.991011260227431,-1.29403563689875,-.852656598002865,-1.0826011452126,1.31241561147485,-.751216498024469,-.113469868250173,-.408092507944464
0,24,21,f,jr,1,0,2,3.9,9,.48,29.99,4,30,4900,799000,9957, ,.0880000000000001,.800000000000001,9.76,.85,19,98,.018,800,32,.0777076735042277,.084010901689402,-.0144633101031273,-.857619117532396,.0575838227270462,-1.05549723303229,-.561527518468949,-.75401274098394,-.125337462465393,-.314915498466542,-.349906109407269,.0799998848713943,.0959570393309833,-.00741870508622983,-.881703516803553,.080438465726529,-1.03820004725347,-.557066743435001,-.743519185467119,-.111309069642766,-.34253576419547
0,35,19,f,soph,1,0,2,3.5,9.5,.3,38,4.5,45,4900,799000,9800, ,.488,.300000000000001,1.75,.35,4,98,.198,800,189,.086453018799237,.0338408765087553,-.792982795686174,-1.22875529286239,-.751285927953867,-1.05549723303229,2.0355081657886,-.75401274098394,-.113390783580303,-.254012271300237,-.282235857000264,.0885579561694777,.046830179312561,-.79448927118823,-1.25655089870827,-.717078682760132,-1.03820004725347,2.03144728644017,-.743519185467119,-.099610953044045,-.275845957388784
0,39,20,f,soph,1,0,2,3.5,9.2,.472,37,3.85,42,4982,799625,9988, ,.488,.600000000000001,2.75,1,7,16,.026,175,1,.086453018799237,.0639428916171434,-.695789351793159,-.746278264933397,-.589511977817684,-1.11960045639693,-.446103710279725,-.76015608227592,-.127696360843978,-.433474029392441,-.481637810436046,.0885579561694777,.0763062953236145,-.69622827666863,-.769249302232137,-.5575752530628,-1.10374262209863,-.442021675440548,-.749534222180523,-.113618888843787,-.47412288767044
0,40,20,m,jr,1,0,2,3.99,9.6,.496,35,4,40,4900,799800,9985, ,-.00200000000000022,.200000000000001,4.75,.85,9,98,.002,0,4,.0757399708128506,.023806871472626,-.50140246400713,-.857619117532396,-.481662677726896,-1.05549723303229,-.792375134847399,-.761876217837674,-.127468080355728,-.447835408305404,-.497594898117115,.0780743188293255,.0370048073088766,-.499706287629429,-.881703516803553,-.451239633264579,-1.03820004725347,-.787156879423905,-.751218432460276,-.113395357953366,-.489726780961153
0,44,20,m,jr,1,0,2,3.9,9.7,.47,38,4,45,4900,799000,9980, ,.0880000000000001,.100000000000001,1.75,.85,4,98,.028,800,9,.0777076735042277,.0137728664364967,-.792982795686174,-.857619117532396,-.751285927953867,-1.05549723303229,-.417247758232419,-.75401274098394,-.127087612875311,-.466425264635567,-.518250294039519,.0799998848713943,.0271794353051922,-.79448927118823,-.881703516803553,-.717078682760132,-1.03820004725347,-.413260408441935,-.743519185467119,-.11302280646933,-.510454955356354
0,48,20,f,jr,1,0,2,3.8,9,.47,35,3,30,4900,798000,9980,sat by chatty friend. A little chit chat,.188,.800000000000001,4.75,1.85,19,98,.028,1800,9,.0798940098279801,.084010901689402,-.50140246400713,-.115346766872402,.0575838227270462,-1.05549723303229,-.417247758232419,-.744183394916773,-.127087612875311,-.27392764956919,-.304364055076878,.0821394026959151,.0959570393309833,-.499706287629429,-.132008752994112,.080438465726529,-1.03820004725347,-.413260408441935,-.733895126725672,-.11302280646933,-.296839835751169
0,52,20,f,jr,1,0,2,3.7,9,.49,35,3,40,4000,790000,9900,exchanged a few sentences w/ friend,.288,.800000000000001,4.75,1.85,9,998,.00800000000000001,9800,89,.0820803461517324,.084010901689402,-.50140246400713,-.115346766872402,-.481662677726896,-.351925269274058,-.70580727870548,-.665548626379438,-.121000133188641,-.277660196831291,-.308511329812546,.084278920520436,.0959570393309833,-.499706287629429,-.132008752994112,-.451239633264579,-.318830323343196,-.700873078428066,-.6569026567941,-.107061982724759,-.298487417258536
0,56,19,m,frosh,1,0,2,3.9995,9.5,.497,38,4,30,4500,799999,9980,1 headphone in ear checked/sent text,-.0114999999999998,.300000000000001,1.75,.85,19,498,.001,-199,9,.0755322688620942,.0338408765087553,-.792982795686174,-.857619117532396,.0575838227270462,-.742798582473077,-.806803110871052,-.76383225770504,-.127087612875311,-.392416650904515,-.436018501005017,.0778710646359961,.046830179312561,-.79448927118823,-.881703516803553,.080438465726529,-.718480169960016,-.801537512923212,-.753133620149824,-.11302280646933,-.428580798646564
0,59,21,m,jr,1,0,2,3.9,9.7,.4,39,4.5,48,4500,700000,9989,chatted w/ friends,.0880000000000001,.100000000000001,.75,.35,1,498,.098,99800,0,.0777076735042277,.0137728664364967,-.890176239579188,-1.22875529286239,-.91305987809005,-.742798582473077,.592710563423296,.219092519665581,-.127772454340061,-.299927882431517,-.333253202701685,.0799998848713943,.0271794353051922,-.892750265707831,-1.25655089870827,-.876582112457465,-.718480169960016,.59338393650952,.209262629936094,-.113693399140594,-.327581217705775
0,64,18,f,frosh,1,0,2,3.9,9.7,.473,36,4.5,40,4900,790000,9860,1 headphone in ear,.0880000000000001,.100000000000001,3.75,.35,9,98,.025,9800,129,.0777076735042277,.0137728664364967,-.598595907900145,-1.22875529286239,-.481662677726896,-1.05549723303229,-.460531686303378,-.665548626379438,-.117956393345306,-.451706727760912,-.501896364178791,.0799998848713943,.0271794353051922,-.597967282149029,-1.25655089870827,-.451239633264579,-1.03820004725347,-.456402308939855,-.6569026567941,-.104081570852473,-.494907230865022
0,67,19,f,frosh,1,0,2,3.5,9,.455,39,4.5,40,4950,799400,9970, ,.488,.800000000000001,.75,.35,9,48,.043,400,19,.086453018799237,.084010901689402,-.890176239579188,-1.22875529286239,-.481662677726896,-1.09458456435219,-.200828117877623,-.757944479410807,-.126326677914477,-.460981412923494,-.512201569914993,.0885579561694777,.0959570393309833,-.892750265707831,-1.25655089870827,-.451239633264579,-1.07816503191515,-.197550905952338,-.747368808963698,-.112277703501259,-.505709805834741
0,71,21,f,jr,1,0,2, ,9.2,.47,40,4.8,25,900,799500,9980,1 headphone in ear, ,.600000000000001,-.25,.0499999999999998,24,4098,.028,300,9, ,.0639428916171434,-.987369683472203,-1.45143699806039,.327207072954017,2.07148927255986,-.417247758232419,-.758927414017524,-.127087612875311, ,-.159928778690854, ,.0763062953236145,-.991011260227431,-1.48145932785111,.346277515222083,2.15899872568109,-.413260408441935,-.748331214837842,-.11302280646933,-.145687810200107
0,75,19,f,frosh,1,0,2,3.85,9.75,.496,39,4.5,40,4650,799500,9980, ,.138,.0500000000000007,.75,.35,9,348,.002,300,9,.0788008416661039,.00875586391843193,-.890176239579188,-1.22875529286239,-.481662677726896,-.860060576432782,-.792375134847399,-.758927414017524,-.127087612875311,-.505148824275696,-.56127647141744,.0810696437836547,.0222667493033499,-.892750265707831,-1.25655089870827,-.451239633264579,-.838375123945062,-.787156879423905,-.748331214837842,-.11302280646933,-.553787825474424
0,83,19,f,soph,1,0,2,3.8,9.7,.49,40,4.75,45,4950,795000,9985,little chatting w/ friend who came to table & tablemate,.188,.100000000000001,-.25,.0999999999999996,4,48,.00800000000000001,4800,4,.0798940098279801,.0137728664364967,-.987369683472203,-1.41432338052739,-.751285927953867,-1.09458456435219,-.70580727870548,-.714695356715273,-.127468080355728,-.570186739581766,-.633540821757518,.0821394026959151,.0271794353051922,-.991011260227431,-1.44397458966063,-.717078682760132,-1.07816503191515,-.700873078428066,-.705022950501333,-.113395357953366,-.626689123716112
0,87,20,f,soph,1,0,2, ,7.79,.498,35,.95,5,1000,700000,9988, , ,2.01,4.75,3.9,44,3998,0,99800,1, ,.205422362626567,-.50140246400713,1.40631155198059,1.4057000738619,1.99331460992005,-.821231086894705,.219092519665581,-.127696360843978, ,.472438900788609, ,.214844040575565,-.499706287629429,1.40486551281524,1.4096337132043,2.07906875635773,-.815918146422518,.209262629936094,-.113618888843787,.486053916249149
0,91,18,f,frosh,1,0,2,3.99,9,.49,39,4.5,40,4500,799500,9987, ,-.00200000000000022,.800000000000001,.75,.35,9,498,.00800000000000001,300,2,.0757399708128506,.084010901689402,-.890176239579188,-1.22875529286239,-.481662677726896,-.742798582473077,-.70580727870548,-.758927414017524,-.127620267347894,-.47759968802102,-.530666320023356,.0780743188293255,.0959570393309833,-.892750265707831,-1.25655089870827,-.451239633264579,-.718480169960016,-.700873078428066,-.748331214837842,-.11354437854698,-.523082031254809
0,95,20,f,soph,1,0,2,3.3,9.75,.47,36,2,40,4700,799769,9980,chatted w/ friends,.688,.0500000000000007,3.75,2.85,9,298,.028,31,9,.0908256914467417,.00875586391843193,-.598595907900145,.626925583787592,-.481662677726896,-.899147907752684,-.417247758232419,-.761571508109592,-.127087612875311,-.255880623344428,-.284311803716031,.0928369918185193,.0222667493033499,-.597967282149029,.617686010815329,-.451239633264579,-.878340108606744,-.413260408441935,-.750920086639292,-.11302280646933,-.274662285959301
0,99,19,f,soph,1,0,2,3.5,9.5,.4,35,2,40,4000,700000,9988, ,.488,.300000000000001,4.75,2.85,9,998,.098,99800,1,.086453018799237,.0338408765087553,-.50140246400713,.626925583787592,-.481662677726896,-.351925269274058,.592710563423296,.219092519665581,-.127696360843978,.00963357903323994,.0107039767035999,.0885579561694777,.046830179312561,-.499706287629429,.617686010815329,-.451239633264579,-.318830323343196,.59338393650952,.209262629936094,-.113618888843787,.0191472866291102
0,103,21,m,sr,1,0,2,3.99,9.5,.48,35,4.6,30,2000,780000,9988, ,-.00200000000000022,.300000000000001,4.75,.25,19,2998,.018,19800,1,.0757399708128506,.0338408765087553,-.50140246400713,-1.30298252792839,.0575838227270462,1.21156798352202,-.561527518468949,-.567255165707769,-.127696360843978,-.168213138338555,-.186903487042839,.0780743188293255,.046830179312561,-.499706287629429,-1.33152037508922,.080438465726529,1.27976906312409,-.557066743435001,-.560662069379634,-.113618888843787,-.17527359304273
0,117,20,m,soph,1,0,2,3.998,8,.48,37,4.5,45,4900,750000,9850, ,-.0100000000000002,1.8,2.75,.35,4,98,.018,49800,139,.0755650639069505,.184350952050695,-.695789351793159,-1.22875529286239,-.751285927953867,-1.05549723303229,-.561527518468949,-.272374783692763,-.117195458384472,-.442250955023025,-.491389950025583,.0779031574033639,.194210759367828,-.69622827666863,-1.25655089870827,-.717078682760132,-1.03820004725347,-.557066743435001,-.271940307136236,-.103336467884402,-.485365278563884
0,120,21,f,jr,1,0,2,3.95,9.7,.495,30,4.5,40,4900,798000,9985, ,.0379999999999998,.100000000000001,9.75,.35,9,98,.003,1800,4,.0766145053423516,.0137728664364967,-.0154352445420576,-1.22875529286239,-.481662677726896,-1.05549723303229,-.777947158823746,-.744183394916773,-.127468080355728,-.434056171048104,-.482284634497893,.0789301259591339,.0271794353051922,-.00840131503142599,-1.25655089870827,-.451239633264579,-1.03820004725347,-.772776245924598,-.733895126725672,-.113395357953366,-.47426100706634
0,123,19,f,frosh,1,0,2,3.7,9.7,.48,36,3.9,34,4600,790000,9988, ,.288,.100000000000001,3.75,.95,15,398,.018,9800,1,.0820803461517324,.0137728664364967,-.598595907900145,-.783391882466396,-.158114777454531,-.820973245112881,-.561527518468949,-.665548626379438,-.127696360843978,-.361999510603809,-.402221678448677,.084278920520436,.0271794353051922,-.597967282149029,-.806734040422609,-.132232773869914,-.79841013928338,-.557066743435001,-.6569026567941,-.113618888843787,-.39460824099691
0,126,19,f,soph,1,0,2,4,9.6,.41,39,2,30,3000,700000,9335, ,-.012,.200000000000001,.75,2.85,19,1998,.088,99800,654,.0755213371804754,.023806871472626,-.890176239579188,.626925583787592,.0575838227270462,.429821357123978,.448430803186766,.219092519665581,-.0780073079015345,.0912998747663342,.101444305295927,.0778603670468734,.0370048073088766,-.892750265707831,.617686010815329,.080438465726529,.480469369890445,.449577601516456,.209262629936094,-.064963665028725,.110509480167116
0,129,20,f,soph,1,0,2,3.998,9.75,.49,39,4,40,4500,780000,9981, ,-.0100000000000002,.0500000000000007,.75,.85,9,498,.00800000000000001,19800,8,.0755650639069505,.00875586391843193,-.890176239579188,-.857619117532396,-.481662677726896,-.742798582473077,-.70580727870548,-.567255165707769,-.127163706371394,-.428816184027082,-.476462426696758,.0779031574033639,.0222667493033499,-.892750265707831,-.881703516803553,-.451239633264579,-.718480169960016,-.700873078428066,-.560662069379634,-.113097316766137,-.468737349289234
0,131,21,f,sr,1,0,2, ,9.2,.484,32,3.95,37,4000,799799,9827,"""not clear"" comment about a 2 questions (although answered)", ,.600000000000001,7.75,.899999999999999,12,998,.014,1,162, ,.0639428916171434,-.209822132328087,-.820505499999396,-.319888727590713,-.351925269274058,-.619239422563562,-.761866388491607,-.115445307974555, ,-.391843732075604, ,.0763062953236145,-.204923304070627,-.844218778613081,-.291736203567246,-.318830323343196,-.614589277432227,-.751208808401535,-.101622731057838,-.381352891395267
0,134,22,f,sr,1,0,2,3.8,9.5,.48,38,4,40,4500,792000,9890, ,.188,.300000000000001,1.75,.85,9,498,.018,7800,99,.0798940098279801,.0338408765087553,-.792982795686174,-.857619117532396,-.481662677726896,-.742798582473077,-.561527518468949,-.685207318513772,-.120239198227807,-.412830232229234,-.458700258032482,.0821394026959151,.046830179312561,-.79448927118823,-.881703516803553,-.451239633264579,-.718480169960016,-.557066743435001,-.676150774276993,-.106316879756688,-.450719711852954
0,135,19,m,frosh,1,0,2,3.1,9.78,.497,38,2,35,4850,799700,9975, ,.888,.0200000000000014,1.75,2.85,14,148,.001,100,14,.0951983640942463,.00574566240759319,-.792982795686174,.626925583787592,-.212039427499925,-1.01640990171239,-.806803110871052,-.760893283230957,-.126707145394894,-.298796605410596,-.331996228233996,.097116027467561,.0193191377022446,-.79448927118823,.617686010815329,-.185400583769025,-.99823506259179,-.801537512923212,-.750256026586132,-.112650254985294,-.323160837339839
0,8,20,f,soph,0,1,3,2,7,.49,10,2,10,3400,700000,3, ,2,3,30,3,40,1600,.01,100000,9997,.119510424014372,.304759012484247,1.95273199429149,.738266436386591,1.19000147368032,.11868619981756,-.676951326658174,.221058388879015,.632934226005429,.460099682890085,.511221869877872,.120907465676233,.312115223412041,1.98138382399048,.730140225386745,1.19696247360786,.162348091983456,-.672111811429453,.211187441684383,.631186038040382,.51934655248357
0,16,19,f,frosh,0,1,3,.5,4,.333,10,.75,30,2500,500000,9000,watched youtube videos and discussed them w/ friends during survey,3.5,6,30,4.25,20,2500,.167,300000,1000,.152305468870657,.605779163568128,1.95273199429149,1.66610687471158,.11150847277244,.822258163575793,1.58824090905536,2.18692760231239,-.0516789582566871,.903417969090115,1.00379774343346,.153000233044045,.606876383522575,1.98138382399048,1.66725868014855,.13360627562564,.881717815893733,1.58564764796167,2.1359991899737,-.0391831023334546,1.01181188309188
0,20,19,m,soph,0,1,3,3.5,8,.35,25,1,35,2000,700000,5000, ,.5,2,15,4,15,3000,.15,100000,5000,.0867153791580873,.204418962122954,.494830335896269,1.48053878704658,-.158114777454531,1.21313147677481,1.34296531665326,.221058388879015,.252695026076809,.513823889515326,.570915432794806,.0888146983084202,.213861503375197,.507468906196477,1.47983498919619,-.132232773869914,1.28136766251055,1.34117687847346,.211187441684383,.258858084895104,.583370821196652
0,23,21,m,jr,0,1,3,3,9,.45,10,1,5,1000,700000,1, ,1,1,30,4,45,4000,.05,100000,9999,.0976470607768489,.104078911761661,1.95273199429149,1.48053878704658,1.4596247239073,1.99487810317285,-.0998322857120514,.221058388879015,.633086412997596,.784381209712128,.87153467745792,.0995122874310244,.115607783338352,1.98138382399048,1.47983498919619,1.46280152310341,2.08066735574419,-.0968864714571923,.211187441684383,.631335058633996,.885049310184982
0,28,19,f,frosh,0,1,3,2,8,.35,50,3,20,3500,700000,59, ,2,2,-10,2,30,1500,.15,100000,9941,.119510424014372,.204418962122954,-1.93500576142909,-.00400591427340273,.650754973226382,.0405115371777561,1.34296531665326,.221058388879015,.62867299022476,.1268880916596,.140986768510667,.120907465676233,.213861503375197,-1.94905595679354,-.0195545384226958,.665284374616747,.0824181226600921,1.34117687847346,.211187441684383,.627013461419182,.143693194743229
0,34,19,f,frosh,0,1,3,3.2,7,.367,15,1.37,35,4000,725000,31, ,.8,3,25,3.63,15,1000,.133,75000,9969,.0932743881293443,.304759012484247,1.46676477482641,1.20589801730239,-.158114777454531,-.350361776021262,1.09768972425115,-.0246752628001573,.630803608115095,.426603770883269,.474004189870299,.0952332517819827,.312115223412041,1.49007885139248,1.20244792658669,-.132232773869914,-.317231723956728,1.09670610898525,-.0294140268517817,.629099749729782,.482978065245534
0,36,20,f,soph,0,1,3,1,9.9,.4,1,3,30,2500,750000,5001, ,3,.0999999999999996,39,2,20,2500,.1,50000,4999,.141373787251895,.0137728664364965,2.82747298932862,-.00400591427340273,.11150847277244,.822258163575793,.621566515470602,-.270408914479329,.252618932580726,.451615689866384,.501795210962649,.142302643921441,.027179435305192,2.86573277466689,-.0195545384226958,.13360627562564,.881717815893733,.622145203508134,-.270015495387947,.258783574598297,.515766409967631
0,42,18,f,frosh,0,1,3,2,8,.4,35,2,35,3000,780000,50, ,2,2,5,3,15,2000,.1,20000,9950,.119510424014372,.204418962122954,-.477104103033877,.738266436386591,-.158114777454531,.431384850376774,.621566515470602,-.565289296494336,.629357831689511,.154399684307806,.171555204786451,.120907465676233,.213861503375197,-.475141038999528,.730140225386745,-.132232773869914,.482067969276912,.622145203508134,-.558737257631344,.627684054090446,.181188372312542
0,45,20,f,soph,0,1,3,3.8,9.9,.488,35,3,43,4500,775000,23,had 1 headphone in ear,.2,.0999999999999996,5,2,7,500,.012,25000,9977,.0801563701868303,.0137728664364965,-.477104103033877,-.00400591427340273,-.589511977817684,-.741235089220281,-.648095374610868,-.516142566158502,.631412356083762,-.225075343240753,-.250083714711947,.0823961448348576,.027179435305192,-.475141038999528,-.0195545384226958,-.5575752530628,-.716881570573549,-.64335054443084,-.510616963924111,.629695832104239,-.242649833018804
0,51,19,f,frosh,0,1,3,1,8,.2,20,2,20,3000,700000,4500, ,3,2,20,3,30,2000,.3,100000,5500,.141373787251895,.204418962122954,.980797555361341,.738266436386591,.650754973226382,.431384850376774,3.50716172020122,.221058388879015,.290741774118496,.716595844792467,.796217605324963,.142302643921441,.213861503375197,.998773878794479,.730140225386745,.665284374616747,.482067969276912,3.49827190336944,.211187441684383,.296113233298674,.804222574858224
0,55,18,f,frosh,0,1,3,.5,9.5,.375,30,2,35,4000,795000,7000, ,3.5,.5,10,3,15,1000,.125,5000,3000,.152305468870657,.0539088865810139,.00886311643119601,.738266436386591,-.158114777454531,-.350361776021262,.982265916061929,-.712729487501839,.100508033910061,.0814911817263816,.0905457574737573,.153000233044045,.0664809233199299,.0161639335984741,.730140225386745,-.132232773869914,-.317231723956728,.981661040990797,-.703098138753043,.109837491280825,.10052457900457
0,60,21,f,soph,0,1,3,2,9,.4,38,.5,25,1000,700000,3, ,2,1,2,4.5,25,4000,.1,100000,9997,.119510424014372,.104078911761661,-.76868443471292,1.85167496237658,.381131722999411,1.99487810317285,.621566515470602,.221058388879015,.632934226005429,.5158148819967,.573127646663,.120907465676233,.115607783338352,-.76992402255833,1.85468237110091,.399445325121194,2.08066735574419,.622145203508134,.211187441684383,.631186038040382,.58510055129505
0,68,19,f,frosh,0,1,3,3,8.5,.25,12,.25,30,900,649000,979, ,1,1.5,28,4.75,20,4100,.25,151000,9021,.0976470607768489,.154248936942307,1.75834510650546,2.03724305004158,.11150847277244,2.07305276581265,2.78576291901856,.722355038304526,.558666973828056,1.02988303240024,1.14431448044472,.0995122874310244,.164734643356774,1.78486183495128,2.04210606205327,.13360627562564,2.16059732506756,2.77924022840411,.70201443749816,.558463988356613,1.15834856474938
0,69,19,f,soph,0,1,3,1,7,.365,30,3.3,25,3500,550000,6729,briefly chatted w/ friend,3,3,10,1.7,25,1500,.135,250000,3271,.141373787251895,.304759012484247,.00886311643119601,-.226687619471401,.381131722999411,.0405115371777561,1.12654567629846,1.69546029895405,.121129371348655,.359308690347427,.399231878163808,.142302643921441,.312115223412041,.0161639335984741,-.244462967565528,.399445325121194,.0824181226600921,1.12546737598386,1.65479625290137,.13002978171556,.402030632416501
0,70,17,m,frosh,0,1,3,3,9,.75,20,3,30,3800,700000,5000, ,1,1,20,2,20,1200,-.25,100000,5000,.0976470607768489,.104078911761661,.980797555361341,-.00400591427340273,.11150847277244,-.194012450741655,-4.42822509280797,.221058388879015,.252695026076809,-.285845804219492,-.317606449132769,.0995122874310244,.115607783338352,.998773878794479,-.0195545384226958,.13360627562564,-.15737178531,-4.41107652124915,.211187441684383,.258858084895104,-.30782856591254
0,74, ,x,frosh,0,1,3, ,9,.4,8,2,25,1500,725000,5000, , ,1,32,3,25,3500,.1,75000,5000, ,.104078911761661,2.14711888207752,.738266436386591,.381131722999411,1.60400478997383,.621566515470602,-.0246752628001573,.252695026076809, ,.728023377743283, ,.115607783338352,2.17790581302969,.730140225386745,.399445325121194,1.68101750912737,.622145203508134,-.0294140268517817,.258858084895104,.744463239694351
0,82,19,f,soph,0,1,3,3.7,9,.48,35,4.5,35,3000,730000,95000,little chatting w/ friend who came to table & tablemate,.3,1,5,.5,15,2000,.02,70000,-85000,.0823427065105827,.104078911761661,-.477104103033877,-1.11741444026339,-.158114777454531,.431384850376774,-.532671566421643,-.0738219931359917,-6.59571962142686,-.833704003308727,-.926337781454141,.0845356626593785,.115607783338352,-.475141038999528,-1.14409668413686,-.132232773869914,.482067969276912,-.528305476436387,-.0775343205590147,-6.44706862774747,-.902463056274948
0,86,20,f,soph,0,1,3,1,4,.4,25,2,30,1300,799000,4, ,3,6,15,3,20,3700,.1,1000,9996,.141373787251895,.605779163568128,.494830335896269,.738266436386591,.11150847277244,1.76035411525344,.621566515470602,-.752046871770507,.632858132509346,.43544900873382,.483832231926467,.142302643921441,.606876383522575,.507468906196477,.730140225386745,.13360627562564,1.8408774477741,.622145203508134,-.74159437371883,.631111527743574,.496992693328873
0,90,18,m,frosh,0,1,3,2,8,.357,30,2,5,2000,600000,7532, ,2,2,10,3,45,3000,.143,200000,2468,.119510424014372,.204418962122954,.00886311643119601,.738266436386591,1.4596247239073,1.21313147677481,1.24196948448769,1.2039929955957,.060026293993706,.624980391371431,.694422657079368,.120907465676233,.213861503375197,.0161639335984741,.730140225386745,1.46280152310341,1.28136766251055,1.24051244397831,1.17359331582904,.0701980133794265,.701060676315266
0,94,20,m,soph,0,1,3,3,4,.44,22,2,40,4000,500000,1,chatted w/ friends,1,6,18,3,10,1000,.06,300000,9999,.0976470607768489,.605779163568128,.786410667575312,.738266436386591,-.427738027681502,-.350361776021262,.0444474745244795,2.18692760231239,.633086412997596,.431446501443858,.479385001604287,.0995122874310244,.606876383522575,.802251889755278,.730140225386745,-.398071823365468,-.317231723956728,.046919863535873,2.1359991899737,.631335058633996,.481970150101889
0,98,20,f,soph,0,1,3,3.7,7,.472,34,3.17,31,3625,760000,843, ,.3,3,6,1.83,19,1375,.028,40000,9157,.0823427065105827,.304759012484247,-.379910659140862,-.130192213885602,.0575838227270462,-.0572067911219985,-.417247758232419,-.368702375150998,.569015689295395,-.0339558566514608,-.0377287296127342,.0845356626593785,.312115223412041,-.376880044479928,-.147002648270301,.080438465726529,-.017494338994113,-.413260408441935,-.366256082802413,.568597388722384,-.0305785313853729
0,102, ,x,frosh,0,1,3,.75,7,.37,30,2,30,2500,650000,67000, ,3.25,3,10,3,20,2500,.13,150000,-57000,.146839628061276,.304759012484247,.00886311643119601,.738266436386591,.11150847277244,.822258163575793,1.05440579618019,.712525692237359,-4.46510173109238,-.0565675412963283,-.062852823662587,.147651438482743,.312115223412041,.0161639335984741,.730140225386745,.13360627562564,.881717815893733,1.05356420848733,.692390378756713,-4.36078031714756,-.0437145352782378
0,106,20,f,soph,0,1,3,3.7,9.5,.39,30,2.5,30,4500,650000,1267, ,.3,.5,10,2.5,20,500,.11,150000,8733,.0823427065105827,.0539088865810139,.00886311643119601,.367130261056594,.11150847277244,-.741235089220281,.765846275707133,.712525692237359,.536752046956044,.189764236903208,.210849152114676,.0845356626593785,.0664809233199299,.0161639335984741,.355292843482025,.13360627562564,-.716881570573549,.765951538501199,.692390378756713,.537005022876157,.214949445360663
0,108,22,f,sr,0,1,3,3,7,.35,15,3,25,3000,650000,750, ,1,3,25,2,25,2000,.15,150000,9250,.0976470607768489,.304759012484247,1.46676477482641,-.00400591427340273,.381131722999411,.431384850376774,1.34296531665326,.712525692237359,.576092384431149,.530926490051206,.589918322279118,.0995122874310244,.312115223412041,1.49007885139248,-.0195545384226958,.399445325121194,.482067969276912,1.34117687847346,.692390378756713,.575526846325448,.596973246862953
0,110,21,m,sr,0,1,3,3,8,.48,18,1,10,2000,775000,287,Knew LeBron ave and told friend,1,2,22,4,40,3000,.02,25000,9713,.0976470607768489,.204418962122954,1.17518444314737,1.48053878704658,1.19000147368032,1.21313147677481,-.532671566421643,-.516142566158502,.611323673117751,.49234317440865,.547047971565167,.0995122874310244,.213861503375197,1.19529586783368,1.47983498919619,1.19696247360786,1.28136766251055,-.528305476436387,-.510616963924111,.610025113747154,.559770828593461
0,114,19,f,frosh,0,1,3,3.5,20,.27,5,.5,200,1500,500000,7, ,.5,-10,35,4.5,-150,3500,.23,300000,9993,.0867153791580873,-.999661642212567,2.43869921375656,1.85167496237658,-9.05568203494457,1.60400478997383,2.4972033985455,2.18692760231239,.632629852021096,.124251152098691,.138056835665212,.0888146983084202,-.965183137066937,2.47268879658849,1.85468237110091,-8.90492140722319,1.68101750912737,2.49162755841798,2.1359991899737,.630887996853153,.165068175119988
0,115,19,m,frosh,0,1,3,500,6,.35,27,.5,15,600,550000,1437, ,-496,4,13,4.5,35,4400,.15,250000,8563,-10.7684444682722,.405099062845541,.30044344811024,1.85167496237658,.920378223453353,2.30757675373206,1.34296531665326,1.69546029895405,.523816152621871,-.142103024952525,-.157892249947251,-10.5338913004376,.410368943448886,.310946917157276,1.85468237110091,.931123424112301,2.40038723303765,1.34117687847346,1.65479625290137,.524338272418943,-.122896778642973
0,122,19,f,frosh,0,1,3,3.7,9.98,.48,35,2,35,4000,750000,167, ,.3,.0199999999999996,5,3,15,1000,.02,50000,9833,.0823427065105827,.00574566240759302,-.477104103033877,.738266436386591,-.158114777454531,-.350361776021262,-.532671566421643,-.270408914479329,.620454892647756,-.034185143945812,-.0379834932731244,.0845356626593785,.0193191377022445,-.475141038999528,.730140225386745,-.132232773869914,-.317231723956728,-.528305476436387,-.270015495387947,.618966349364011,-.0299961259486807
0,130,20,f,soph,0,1,3,3,9.5,.485,15,2,10,1500,600000,9999,headphones in and funny comment on last question,1,.5,25,3,40,3500,.015,200000,1,.0976470607768489,.0539088865810139,1.46676477482641,.738266436386591,1.19000147368032,1.60400478997383,-.604811446539909,1.2039929955957,-.127696360843978,.562207861043684,.624675401159649,.0995122874310244,.0664809233199299,1.49007885139248,.730140225386745,1.19696247360786,1.68101750912737,-.60020864393292,1.17359331582904,-.113618888843787,.635995339257527
0,133,20,m,jr,0,1,3,2,9,.495,30,1.5,35,2000,780000,4122,friend stopped by during last page short non- survey convo.,2,1,10,3.5,15,3000,.005,20000,5878,.119510424014372,.104078911761661,.00886311643119601,1.10940261171659,-.158114777454531,1.21313147677481,-.74909120677644,-.565289296494336,.319505115638011,.140199637561133,.155777375067926,.120907465676233,.115607783338352,.0161639335984741,1.10498760729147,-.132232773869914,1.28136766251055,-.744014978925985,-.558737257631344,.324278125491773,.169814174164401
0,4,20,f,soph,1,1,1,3,9,.3,20,4,20,3500,730000,444, ,.988,.800000000000001,19.75,.85,29,1498,.198,69800,9545,.0973847004179987,.084010901689402,.956499194388088,-.857619117532396,.596830323180988,.03894804392496,2.0355081657886,-.0757878623494251,.598539965775744,.347431431528396,.38603492392044,.0992555452920819,.0959570393309833,.974208630164579,-.881703516803553,.612116564717637,.0808195232736248,2.03144728644017,-.079459132307304,.597507383883554,.392238813776864
0,6,19,f,frosh,1,1,1,7,70,.39,25,1.5,20,3500,750000,7353, ,-3.012,-60.2,14.75,3.35,29,1498,.108,49800,2636,.00993124746790566,-6.0367321703495,.470531974923015,.998061759117589,.596830323180988,.03894804392496,.736990323659827,-.272374783692763,.0728100013357128,-.338500328043226,-.376111475603585,.0136748323112482,-5.89751988291653,.482903657566577,.992533392720049,.612116564717637,.0808195232736248,.737190271502586,-.271940307136236,.082715743243026,-.351945133857558
0,11,21,m,jr,1,1,1,3.95,9.7,.472,29.75,3.99,30,4500,760000,4500,chatting/laughing w/ friends during part of survey,.0379999999999998,.100000000000001,10,.859999999999999,19,498,.026,39800,5489,.0766145053423516,.0137728664364967,.00886311643119601,-.850196394025796,.0575838227270462,-.742798582473077,-.446103710279725,-.370668244364432,.289904745661579,-.196302787454436,-.218114208282707,.0789301259591339,.0271794353051922,.0161639335984741,-.874206569165459,.080438465726529,-.718480169960016,-.442021675440548,-.368180894550702,.295293620033796,-.2116537476104
0,14,20,m,jr,1,1,1,3.8,5,.49,44,2,30,3000,750000,4789, ,.188,4.8,-4.25,2.85,19,1998,.00800000000000001,49800,5200,.0798940098279801,.485371103134576,-1.37614345904426,.626925583787592,.0575838227270462,.429821357123978,-.70580727870548,-.272374783692763,.267913725293484,-.0406815919547848,-.0452017688386498,.0821394026959151,.488971919478361,-1.38405523830583,.617686010815329,.080438465726529,.480469369890445,-.700873078428066,-.271940307136236,.273760144256532,-.0370448123341137
0,18,18,f,frosh,1,1,1,3,9,.35,30,2,7,3500,600000,42, ,.988,.800000000000001,9.75,2.85,42,1498,.148,199800,9947,.0973847004179987,.084010901689402,-.0154352445420576,.626925583787592,1.29785077377111,.03894804392496,1.31410936460595,1.20202712638227,.62912955120126,.527495080123849,.586105644582054,.0992555452920819,.0959570393309833,-.00840131503142599,.617686010815329,1.30329809340608,.0808195232736248,1.31241561147485,1.17166850408075,.627460523200025,.588906615093588
0,30,22,m,jr,1,1,1,3.6,9.6,.48,30,3,25,3000,760000,800, ,.388,.200000000000001,9.75,1.85,24,1998,.018,39800,9189,.0842666824754847,.023806871472626,-.0154352445420576,-.115346766872402,.327207072954017,.429821357123978,-.561527518468949,-.370668244364432,.571450681170063,.0373574890948328,.0415083212164809,.0864184383449568,.0370048073088766,-.00840131503142599,-.132008752994112,.346277515222083,.480469369890445,-.557066743435001,-.368180894550702,.570981718220213,.0506104603305926
0,31,21,m,jr,1,1,1,3,9,.39,10,3.5,10,3000,650000,42, ,.988,.800000000000001,29.75,1.35,39,1998,.108,149800,9947,.0973847004179987,.084010901689402,1.92843363331823,-.486482942202399,1.13607682363493,.429821357123978,.736990323659827,.710559823023926,.62912955120126,.526592417186716,.585102685763017,.0992555452920819,.0959570393309833,1.95681857536058,-.506856134898833,1.14379466370874,.480469369890445,.737190271502586,.690465567008424,.627460523200025,.591617268932782
0,32,21,f,jr,1,1,1,3.5,9.5,.3,15,2,30,2000,750000,9500, ,.488,.300000000000001,24.75,2.85,19,2998,.198,49800,489,.086453018799237,.0338408765087553,1.44246641385316,.626925583787592,.0575838227270462,1.21156798352202,2.0355081657886,-.272374783692763,-.0905627347552913,.513140834653836,.570156482948706,.0885579561694777,.046830179312561,1.46551360276258,.617686010815329,.080438465726529,1.27976906312409,2.03144728644017,-.271940307136236,-.077257864001903,.584560488134733
0,37,21,m,jr,1,1,1,3.99,9.5,.45,15,3,40,3950,725000,5062, ,-.00200000000000022,.300000000000001,24.75,1.85,9,1048,.048,74800,4927,.0757399708128506,.0338408765087553,1.44246641385316,-.115346766872402,-.481662677726896,-.312837937954157,-.128688237759358,-.0266411320135907,.247140200862723,.0734010709711087,.0815567455234541,.0780743188293255,.046830179312561,1.46551360276258,-.132008752994112,-.451239633264579,-.278865338681514,-.125647738455805,-.031338838600071,.253418833228183,.0916374035707301
0,46,20,m,jr,1,1,1,3.2,6,.42,30,1.5,30,3500,740000,6565,"asked if ""actual cost"" of Slidy was cost@ mass merch. Or cost to produce ""answer to the best of your ability",.788,3.8,9.75,3.35,19,1498,.078,59800,3424,.093012027770494,.385031052773282,-.0154352445420576,.998061759117589,.0575838227270462,.03894804392496,.304151042950235,-.174081323021094,.132771676249412,.182004285794987,.202226984216652,.0949765096430402,.390718199441517,-.00840131503142599,.992533392720049,.080438465726529,.0808195232736248,.305771266523391,-.17569971972177,.141429857127052,.211398464411334
0,49,19,f,frosh,1,1,1, ,9.8,.45,5,3,10,900,750000,5555, , ,0,34.75,1.85,39,4098,.048,49800,4434, ,.00373886140036719,2.41440085278331,-.115346766872402,1.13607682363493,2.07148927255986,-.128688237759358,-.272374783692763,.209626107293619, ,.664865266168444, ,.0173540633015076,2.44812354795859,-.132008752994112,1.14379466370874,2.15899872568109,-.125647738455805,-.271940307136236,.216685256902263,.681919932370755
0,53,20,f,jr,1,1,1,3,9,.45,3,1.5,23,4500,600000,7777, ,.988,.800000000000001,36.75,3.35,26,498,.048,199800,2212,.0973847004179987,.084010901689402,2.60878774056933,.998061759117589,.435056373044806,-.742798582473077,-.128688237759358,1.20202712638227,.0405463589963622,.459438813998533,.510487571109481,.0992555452920819,.0959570393309833,2.64464553699779,.992533392720049,.452613135020304,-.718480169960016,-.125647738455805,1.17166850408075,.0511233773967987,.518185402491438
0,57,18,f,frosh,1,1,1,3.5,5,.47,35,2,35,2000,750000,1200, ,.488,4.8,4.75,2.85,14,2998,.028,49800,8789,.086453018799237,.485371103134576,-.50140246400713,.626925583787592,-.212039427499925,1.21156798352202,-.417247758232419,-.272374783692763,.541013282736713,.15482665385479,.172029615394211,.0885579561694777,.488971919478361,-.499706287629429,.617686010815329,-.185400583769025,1.27976906312409,-.413260408441935,-.271940307136236,.541177599497357,.182872773567554
0,61, ,m,frosh,1,1,1,3,9,.45,25,2,40,4000,750000,1, ,.988,.800000000000001,14.75,2.85,9,998,.048,49800,9988,.0973847004179987,.084010901689402,.470531974923015,.626925583787592,-.481662677726896,-.351925269274058,-.128688237759358,-.272374783692763,.632249384540679,.0676451576905612,.0751612863228457,.0992555452920819,.0959570393309833,.482903657566577,.617686010815329,-.451239633264579,-.318830323343196,-.125647738455805,-.271940307136236,.630515445369117,.0842955217971414
0,63,18,f,frosh,1,1,1,2,9.2,.46,29,3.95,27,4300,700000,4732,1 headphone in ear,1.988,.600000000000001,10.75,.899999999999999,22,698,.038,99800,5257,.119248063655522,.0639428916171434,.0817581993509569,-.820505499999396,.219357772863229,-.586449257193469,-.272967997995888,.219092519665581,.272251054570236,-.0704272253466085,-.0782524726073428,.12065072353729,.0763062953236145,.0898596794881745,-.844218778613081,.239941895423861,-.558620231313288,-.269454073448871,.209262629936094,.278007231174539,-.0731405142768518
0,66,19,f,frosh,1,1,1,3.8,9.5,.4,35,2,30,4000,720000,5000,headphones in ears,.188,.300000000000001,4.75,2.85,19,998,.098,79800,4989,.0798940098279801,.0338408765087553,-.50140246400713,.626925583787592,.0575838227270462,-.351925269274058,.592710563423296,.0225055983222437,.251857997619892,.0811990718935616,.0902211909928463,.0821394026959151,.046830179312561,-.499706287629429,.617686010815329,.080438465726529,-.318830323343196,.59338393650952,.0167814551071619,.258038471630226,.0974179234249575
0,72, ,x,soph,1,1,1,3,5,.45,30,1,25,2000,700000,5292, ,.988,4.8,9.75,3.85,24,2998,.048,99800,4697,.0973847004179987,.485371103134576,-.0154352445420576,1.36919793444759,.327207072954017,1.21156798352202,-.128688237759358,.219092519665581,.229638696763547,.379533652860391,.421704058733767,.0992555452920819,.488971919478361,-.00840131503142599,1.36738077462477,.346277515222083,1.27976906312409,-.125647738455805,.209262629936094,.236281464962541,.432572206572532
0,76,22,f,sr,1,1,1,2,6,.39,20,2,25,3500,750000,1, ,1.988,3.8,19.75,2.85,24,1498,.108,49800,9988,.119248063655522,.385031052773282,.956499194388088,.626925583787592,.327207072954017,.03894804392496,.736990323659827,-.272374783692763,.632249384540679,.35507239359912,.3945248817768,.12065072353729,.390718199441517,.974208630164579,.617686010815329,.346277515222083,.0808195232736248,.737190271502586,-.271940307136236,.630515445369117,.402902890243321
0,84,18,f,frosh,1,1,1,2,5,.495,34,3.15,28,2000,699800,2, ,1.988,4.8,5.75,1.7,21,2998,.003,100000,9987,.119248063655522,.485371103134576,-.404209020114116,-.226687619471401,.165433122817835,1.21156798352202,-.777947158823746,.221058388879015,.632173291044595,.14260081546443,.158445350516033,.12065072353729,.488971919478361,-.401445293109828,-.244462967565528,.186774085524751,1.27976906312409,-.772776245924598,.211187441684383,.63044093507231,.166567740202359
0,88,20,f,soph,1,1,1,2.5,10,.35,33,4.5,20,4500,780000,400, ,1.488,-.199999999999999,6.75,.35,29,498,.148,19800,9589,.10831638203676,-.0163291486718914,-.307015576221101,-1.22875529286239,.596830323180988,-.742798582473077,1.31410936460595,-.567255165707769,.601888079603413,-.024100961650912,-.0267788462787911,.109953134414686,-.0022966807058612,-.303184298590228,-1.25655089870827,.612116564717637,-.718480169960016,1.31241561147485,-.560662069379634,.600785836943069,-.0228781077548638
0,92,21,m,soph,1,1,1,3.6,9.7,.4,25,2.5,35,3000,750000,9988,friends @ table chatting,.388,.100000000000001,14.75,2.35,14,1998,.098,49800,1,.0842666824754847,.0137728664364967,.470531974923015,.255789408457595,-.212039427499925,.429821357123978,.592710563423296,-.272374783692763,-.127696360843978,.12347822808032,.137198031200356,.0864184383449568,.0271794353051922,.482903657566577,.242838628910608,-.185400583769025,.480469369890445,.59338393650952,-.271940307136236,-.113618888843787,.149137076308695
0,96,20,m,soph,1,1,1, ,9.5,.45,25,4,20,3000,600000,500, , ,.300000000000001,14.75,.85,29,1998,.048,199800,9489, ,.0338408765087553,.470531974923015,-.857619117532396,.596830323180988,.429821357123978,-.128688237759358,1.20202712638227,.594278729995075, ,.292627879102791, ,.046830179312561,.482903657566577,-.881703516803553,.612116564717637,.480469369890445,-.125647738455805,1.17166850408075,.593334807262355,.297496478446371
0,100,20,f,soph,1,1,1,3.97,9.4,.497,39,4.5,44,4980,799780,9000, ,.0179999999999998,.4,.75,.35,5,18,.001,20,989,.0761772380776011,.0438748815448846,-.890176239579188,-1.22875529286239,-.697361277908473,-1.11803696314413,-.806803110871052,-.76167963091633,-.0525159867136042,-.543527638237269,-.60391959804141,.0785022223942297,.0566555513162455,-.892750265707831,-1.25655089870827,-.663910872861022,-1.10214402271216,-.801537512923212,-.751025951285447,-.0400027155983332,-.596973829565089
0,104,18,f,frosh,1,1,1,3.6,11,.3,40,.25,32.5,3750,500000,5, ,.388,-1.2,-.25,4.6,16.5,1248,.198,299800,9984,.0842666824754847,-.116669199033185,-.987369683472203,1.92590219744258,-.0772278023864394,-.156488612674549,2.0355081657886,2.18496173309896,.631945010556345,.55248284917956,.613869832421733,.0864184383449568,-.100550400742706,-.991011260227431,1.92965184748185,-.0524810590212479,-.119005400034785,2.03144728644017,2.13407437822541,.630217404181889,.616529026072012
0,107,18,f,frosh,1,1,1,3.25,8.7,.465,35,4,35,4000,799000,327, ,.738,1.1,4.75,.85,14,998,.033,800,9662,.0919188596086179,.11411291679779,-.50140246400713,-.857619117532396,-.212039427499925,-.351925269274058,-.345107878114154,-.75401274098394,.607442904817499,-.22086322161877,-.245403579576411,.0939067507307798,.125433155342037,-.499706287629429,-.881703516803553,-.185400583769025,-.318830323343196,-.341357240945403,-.743519185467119,.60622508860999,-.238328015919435
0,112,21,m,sr,1,1,1,3,9,.45,20,3.1,30,3500,630000,3454, ,.988,.800000000000001,19.75,1.75,19,1498,.048,169800,6535,.0973847004179987,.084010901689402,.956499194388088,-.189574001938402,.0575838227270462,.03894804392496,-.128688237759358,.907146744367264,.369498542564788,.219280971038179,.243645523375754,.0992555452920819,.0959570393309833,.974208630164579,-.206978229375056,.080438465726529,.0808195232736248,-.125647738455805,.882946741837356,.373231390494064,.25047015203204
0,113,22,m,sr,1,1,1,3.9,99.5,.49,10,1,20,1000,450000,9000, ,.0880000000000001,-89.7,29.75,3.85,29,3998,.00800000000000001,349800,989,.0777076735042277,-8.99676365600765,1.92843363331823,1.36919793444759,.596830323180988,1.99331460992005,-.70580727870548,2.6764290364573,-.0525159867136042,-.111317371059835,-.123685967844261,.0799998848713943,-8.79600462400344,1.95681857536058,1.36738077462477,.612116564717637,2.07906875635773,-.700873078428066,2.61527731529774,-.0400027155983332,-.0918020607555543
0,116,19,f,soph,1,1,1,3.5,9,.435,30,4,30,3200,730000,5000, ,.488,.800000000000001,9.75,.85,19,1798,.063,69800,4989,.086453018799237,.084010901689402,-.0154352445420576,-.857619117532396,.0575838227270462,.273472031844371,.0877314025954388,-.0757878623494251,.251857997619892,-.0107733049148492,-.0119703387942769,.0885579561694777,.0959570393309833,-.00840131503142599,-.881703516803553,.080438465726529,.320609431243717,.0900617640337926,-.079459132307304,.258038471630226,-.00398898177861752
0,121,19,f,frosh,1,1,1,2,6,.35,10,.5,10,1500,775999,3, ,1.988,3.8,29.75,4.35,39,3498,.148,23801,9986,.119248063655522,.385031052773282,1.92843363331823,1.74033410977758,1.13607682363493,1.60244129672103,1.31410936460595,-.527927952093035,.632097197548512,.832984358994201,.925538176660224,.12065072353729,.390718199441517,1.95681857536058,1.74222815652949,1.14379466370874,1.67941890974091,1.31241561147485,-.522156210355106,.630366424775503,.93936167269042
0,124,20,m,frosh,1,1,1,3.5,9.6,.48,36,2,25,3000,650800,5001, ,.488,.200000000000001,3.75,2.85,24,1998,.018,149000,4988,.086453018799237,.023806871472626,-.598595907900145,.626925583787592,.327207072954017,.429821357123978,-.561527518468949,.702696346170192,.251781904123809,.128856872806236,.14317430311804,.0885579561694777,.0370048073088766,-.597967282149029,.617686010815329,.346277515222083,.480469369890445,-.557066743435001,.682766320015266,.257963961333419,.150632435018985
1,15,18,m,frosh,0,0,4,3.5,8,.45,30,4.5,25,4050,700050,9500,watched youtube videos and discussed them w/ friends during survey,.5,2,10,.5,25,950,.05,99950,500,.0867153791580873,.204418962122954,.00886311643119601,-1.11741444026339,.381131722999411,-.389449107341164,-.0998322857120514,.220566921575656,-.0897257062983741,-.0794725437327678,-.088302826369742,-.287356902399675,-.266114771546794,-.102838775400298,-.650838179572509,-.207362699799038,-.998540343644986,-.148387106577944,.821475259219111,-.977028601230061,-.312999124550244
1,81,20,f,soph,0,0,4,2,6,.35,39,4.5,35,4000,750000,7576,talked about survey w/ friends,2,4,1,.5,15,1000,.15,50000,2424,.119510424014372,.405099062845541,-.865877878605935,-1.11741444026339,-.158114777454531,-.350361776021262,1.34296531665326,-.270408914479329,.0566781801660375,-.0837924803145243,-.093102755905027,1.738185172786,.443524619244656,-.775965305293158,-.650838179572509,-1.33843197143015,-.96577983368288,1.26482343225962,-.408582873121472,-.534166257402519,-.13635902180138
1,79,19,f,soph,1,0,2,3.5,9.5,.35,30,4,15,1500,700000,9333,talked about survey w/ friends,.488,.300000000000001,9.75,.85,34,3498,.148,99800,656,.086453018799237,.0338408765087553,-.0154352445420576,-.857619117532396,.866453573407959,1.60244129672103,1.31410936460595,.219092519665581,-.0778551209093678,.31714811667247,.352386796302744,-.30356123900116,-.869308253719526,-.121536734563989,-.442172503679033,.810599644668967,.670935244023928,1.23655922148286,.817781390953824,-.941120843622422,.0953528807270504
1,78,19,f,soph,0,1,3, ,8,.495,36,2,30,2500,700000,20,talked about survey w/ friends, ,2,4,3,20,2500,.005,100000,9980, ,.204418962122954,-.574297546926891,.738266436386591,.11150847277244,.822258163575793,-.74909120677644,.221058388879015,.631640636572012, ,.175720288325684, ,-.266114771546794,-.551589795328872,.839630933952321,-.772897335614596,.017035465180295,-.784331849054845,.822706548640874,1.20505820723412,.0636871754328133
1,41,21,m,jr,1,1,1,3.9,2,.49,2,.5,10,100,799000,69,"chatted w/ friends, checked phone/texts",.0880000000000001,7.8,37.75,4.35,39,4898,.00800000000000001,800,9920,.0777076735042277,.786391254218456,2.70598118446235,1.74033410977758,1.13607682363493,2.69688657367829,-.70580727870548,-.75401274098394,.627075026807009,.831063262639342,.923403625154825,-.843705792384007,1.79183946174841,1.97263469176935,1.64448425525573,1.37613428048453,1.58822952296289,-.741935532889718,-1.62017166413562,1.19124753123119,.706528528226972
1,80,19,f,soph,1,1,1,3.5,9.4,.496,34,4.5,21,3000,750800,5001,friends talked about survey around her,.488,.4,5.75,.35,28,1998,.002,49000,4988,.086453018799237,.0438748815448846,-.404209020114116,-1.22875529286239,.542905673135594,.429821357123978,-.792375134847399,-.280238260546496,.251781904123809,-.13507408736429,-.150082319293656,-.30356123900116,-.833826284179954,-.420704081183038,-.740266326383999,.131958081690297,-.311880054839248,-.826728165219972,-.433208661556719,.0560099637896924,-.409134085209344
